Workbook

Sheet Employee_Data
A1: Employee ID | B1: Employee Name | C1: Department | D1: Basic Salary | E1: HRA | F1: DA | G1: Bonus | H1: PF | I1: Tax | J1: Rating
A2: EMP001 | B2: Rahul | C2: IT | D2: 35000 | E2: 7000 | F2: 5000 | G2: 3000 | H2: 2500 | I2: 1500 | J2: Excellent
A3: EMP002 | B3: Priya | C3: HR | D3: 30000 | E3: 6000 | F3: 4500 | G3: 2500 | H3: 2200 | I3: 1200 | J3: Good
A4: EMP003 | B4: Arjun | C4: Finance | D4: 40000 | E4: 8000 | F4: 6000 | G4: 4000 | H4: 3000 | I4: 1800 | J4: Excellent
A5: EMP004 | B5: Sneha | C5: Sales | D5: 28000 | E5: 5500 | F5: 4200 | G5: 2000 | H5: 2000 | I5: 1000 | J5: Average
A6: EMP005 | B6: Kiran | C6: Marketing | D6: 32000 | E6: 6500 | F6: 4800 | G6: 2800 | H6: 2300 | I6: 1300 | J6: Good

Sheet Calculations
A1: Employee ID | B1: Employee Name | C1: Gross Salary | D1: Total Deduction | E1: Net Salry | F1: Rating
A2: =Employee_Data!A2 -> EMP001 | B2: =Employee_Data!B2 -> Rahul | C2: =SUM(Employee_Data!D2:G2) -> 50000 | D2: =SUM(Employee_Data!H2:I2) -> 4000 | E2: =C2-D2 -> 46000 | F2: =Employee_Data!J2 -> Excellent
A3: =Employee_Data!A3 -> EMP002 | B3: =Employee_Data!B3 -> Priya | C3: =SUM(Employee_Data!D3:G3) -> 43000 | D3: =SUM(Employee_Data!H3:I3) -> 3400 | E3: =C3-D3 -> 39600 | F3: =Employee_Data!J3 -> Good
A4: =Employee_Data!A4 -> EMP003 | B4: =Employee_Data!B4 -> Arjun | C4: =SUM(Employee_Data!D4:G4) -> 58000 | D4: =SUM(Employee_Data!H4:I4) -> 4800 | E4: =C4-D4 -> 53200 | F4: =Employee_Data!J4 -> Excellent
A5: =Employee_Data!A5 -> EMP004 | B5: =Employee_Data!B5 -> Sneha | C5: =SUM(Employee_Data!D5:G5) -> 39700 | D5: =SUM(Employee_Data!H5:I5) -> 3000 | E5: =C5-D5 -> 36700 | F5: =Employee_Data!J5 -> Average
A6: =Employee_Data!A6 -> EMP005 | B6: =Employee_Data!B6 -> Kiran | C6: =SUM(Employee_Data!D6:G6) -> 46100 | D6: =SUM(Employee_Data!H6:I6) -> 3600 | E6: =C6-D6 -> 42500 | F6: =Employee_Data!J6 -> Good

Sheet Dashboard
A1: Employee Salary Management Dashboard
A3: Total Employees | B3: =COUNTA(Calculations!A2:A6) -> 5 | I3: =COUNTA(Employee_Data!A2:A6) -> 5 | L3: =SUM(Calculations!E2:E6) -> 218000 | O3: =AVERAGE(Calculations!E2:E6) -> 43600
A5: Highest Net Salary | B5: =MAX(Calculations!E2:E6) -> 53200
A7: Lowest Net Salary | B7: =MIN(Calculations!E2:E6) -> 36700
A9: Average Net Salary | B9: =AVERAGE(Calculations!E2:E6) -> 43600
